model,Test Аccuracy,ROC_AUC_Test,Test_Precision
DecisionTreeClassifier,0.8085714285714286,0.7837699935481647,0.5715112912565142
XGBClassifier,0.8265396825396826,0.8220775302105159,0.6232941923198985
RandomForestClassifier,0.8073333333333333,0.8185936194414498,0.5624917687343606
SVC,0.8581904761904762,0.8096666608386818,0.6979667856588546
KNeighborsClassifier,0.8517460317460317,0.8786525866975414,0.6692130296915537
