model,Test Аccuracy,ROC_AUC_Test,f1_score_Test
DecisionTreeClassifier,0.8085714285714286,0.7837699935481647,0.5669969840585954
XGBClassifier,0.8086349206349206,0.8238230126511429,0.5923721936705437
RandomForestClassifier,0.8073333333333333,0.8185936194414498,0.5846280199849428
SVC,0.8596825396825397,0.8476070519144708,0.67215546654799
KNeighborsClassifier,0.8517460317460317,0.8786525866975414,0.6653768988248782
AutoML,0.8600952380952381,0.8793017047042012,0.6666666666666666
