Category,average_replacement_cost
Sci-Fi,21.153934
Drama,21.086774
Classics,21.007544
Action,20.911875
Sports,20.395405
Games,20.285082
Animation,20.126364
Children,20.056667
Horror,19.865000
Family,19.729130
Documentary,19.622353
Music,19.440980
New,19.418571
Travel,19.025088
Comedy,19.024483
Foreign,18.647534
