Rating,Percent
PG-13,22.30000
NC-17,21.00000
R,19.50000
PG,19.40000
G,17.80000
